id,useragent
1,"Mozilla/5.0 (X11; Linux x86_64) AppleWebKit/535.21 (KHTML, like Gecko) Chrome/19.0.1042.0 Safari/535.21"
2,Mozilla/5.0 (Windows NT 6.1; Win64; x64; rv:25.0) Gecko/20100101 Firefox/25.0
3,Mozilla/5.0 (Windows NT 6.1; Win64; x64; rv:14.0) Gecko/20120405 Firefox/14.0a1
4,"Mozilla/5.0 (Macintosh; U; Intel Mac OS X 10_6_5; ar) AppleWebKit/533.19.4 (KHTML, like Gecko) Version/5.0.3 Safari/533.19.4"
5,"Mozilla/5.0 (Windows NT 5.1) AppleWebKit/535.1 (KHTML, like Gecko) Chrome/14.0.815.0 Safari/535.1"
6,"Mozilla/5.0 (Macintosh; Intel Mac OS X 10_6_8) AppleWebKit/534.24 (KHTML, like Gecko) Chrome/11.0.696.71 Safari/534.24"
7,"Mozilla/5.0 (X11; Linux i686) AppleWebKit/535.1 (KHTML, like Gecko) Chrome/14.0.803.0 Safari/535.1"
8,"Mozilla/5.0 (Macintosh; U; Intel Mac OS X 10_6_3; it-it) AppleWebKit/533.16 (KHTML, like Gecko) Version/5.0 Safari/533.16"
9,"Mozilla/5.0 (X11; Linux x86_64) AppleWebKit/535.11 (KHTML, like Gecko) Ubuntu/11.10 Chromium/17.0.963.65 Chrome/17.0.963.65 Safari/535.11"
10,"Mozilla/5.0 (Macintosh; U; Intel Mac OS X 10_6_7; ja-jp) AppleWebKit/533.20.25 (KHTML, like Gecko) Version/5.0.4 Safari/533.20.27"
11,"Mozilla/5.0 (Macintosh; U; Intel Mac OS X 10_7; en-us) AppleWebKit/533.4 (KHTML, like Gecko) Version/4.1 Safari/533.4"
12,"Mozilla/5.0 (X11; Linux i686) AppleWebKit/534.33 (KHTML, like Gecko) Ubuntu/9.10 Chromium/13.0.752.0 Chrome/13.0.752.0 Safari/534.33"
13,"Mozilla/5.0 (X11; U; Linux x86_64; en-US) AppleWebKit/535.1 (KHTML, like Gecko) Chrome/13.0.782.20 Safari/535.1"
14,"Mozilla/5.0 (Windows NT 4.0; WOW64) AppleWebKit/537.36 (KHTML, like Gecko) Chrome/37.0.2049.0 Safari/537.36"
15,"Mozilla/5.0 (X11; Linux x86_64) AppleWebKit/536.5 (KHTML, like Gecko) Chrome/19.0.1084.9 Safari/536.5"
16,"Mozilla/5.0 (Windows; U; Windows NT 5.1; ja-JP) AppleWebKit/533.20.25 (KHTML, like Gecko) Version/5.0.3 Safari/533.19.4"
17,"Mozilla/5.0 (Macintosh; U; Intel Mac OS X 10_6_2; nb-no) AppleWebKit/533.16 (KHTML, like Gecko) Version/4.1 Safari/533.16"
18,"Mozilla/5.0 (Macintosh; U; Intel Mac OS X 10_6_7; en-us) AppleWebKit/534.16+ (KHTML, like Gecko) Version/5.0.3 Safari/533.19.4"
19,"Mozilla/5.0 (Windows NT 6.0) AppleWebKit/535.7 (KHTML, like Gecko) Chrome/16.0.912.75 Safari/535.7"
20,"Mozilla/5.0 (Windows NT 6.2) AppleWebKit/537.4 (KHTML, like Gecko) Chrome/22.0.1229.94 Safari/537.4"
21,Mozilla/5.0 (Windows NT 5.1; rv:31.0) Gecko/20100101 Firefox/31.0
22,"Mozilla/5.0 (Macintosh; U; Intel Mac OS X 10_6_4; th-th) AppleWebKit/533.17.8 (KHTML, like Gecko) Version/5.0.1 Safari/533.17.8"
23,"Mozilla/5.0 (Macintosh; Intel Mac OS X 10_6_7) AppleWebKit/535.1 (KHTML, like Gecko) Chrome/14.0.803.0 Safari/535.1"
24,"Mozilla/5.0 (Windows; U; Windows NT 6.0; en-US) AppleWebKit/533.20.25 (KHTML, like Gecko) Version/5.0.4 Safari/533.20.27"
25,Mozilla/5.0 (Windows; U; Windows NT 5.1; rv:15.0) Gecko/20121011 Firefox/15.0.1
26,Mozilla/5.0 (X11; U; Linux i686; en-US; rv:1.9.1.16) Gecko/20120421 Gecko Firefox/11.0
27,"Mozilla/5.0 (Windows; U; Windows NT 6.1; fr-FR) AppleWebKit/533.20.25 (KHTML, like Gecko) Version/5.0.4 Safari/533.20.27"
28,Mozilla/5.0 (Windows NT 6.1; Win64; x64; rv:22.0) Gecko/20130328 Firefox/22.0
29,"Mozilla/5.0 (Macintosh; U; Intel Mac OS X 10_5_8; zh-cn) AppleWebKit/533.18.1 (KHTML, like Gecko) Version/5.0.2 Safari/533.18.5"
30,"Mozilla/5.0 (Macintosh; U; PPC Mac OS X 10_4_11; en) AppleWebKit/528.4+ (KHTML, like Gecko) Version/4.0dp1 Safari/526.11.2"
31,Mozilla/5.0 (Macintosh; Intel Mac OS X 10.6; rv:9.0) Gecko/20100101 Firefox/9.0
32,"Mozilla/5.0 (Windows NT 6.2) AppleWebKit/537.13 (KHTML, like Gecko) Chrome/24.0.1290.1 Safari/537.13"
33,"Mozilla/5.0 (Windows NT 5.1) AppleWebKit/535.2 (KHTML, like Gecko) Chrome/15.0.864.0 Safari/535.2"
34,Mozilla/5.0 (X11; Linux i686; rv:21.0) Gecko/20100101 Firefox/21.0
35,"Mozilla/5.0 (X11; Linux x86_64) AppleWebKit/535.1 (KHTML, like Gecko) Chrome/13.0.782.41 Safari/535.1"
36,"Mozilla/5.0 (X11; CrOS i686 1660.57.0) AppleWebKit/535.19 (KHTML, like Gecko) Chrome/18.0.1025.46 Safari/535.19"
37,"Mozilla/5.0 (Windows; U; Windows NT 6.1; en-US) AppleWebKit/533.19.4 (KHTML, like Gecko) Version/5.0.2 Safari/533.18.5"
38,"Mozilla/5.0 (Macintosh; U; PPC Mac OS X 10_4_11; en) AppleWebKit/528.4+ (KHTML, like Gecko) Version/4.0dp1 Safari/526.11.2"
39,"Mozilla/5.0 (Windows NT 6.3; Win64; x64) AppleWebKit/537.36 (KHTML, like Gecko) Chrome/37.0.2049.0 Safari/537.36"
40,Mozilla/5.0 (Windows NT 6.1; WOW64; rv:21.0) Gecko/20130330 Firefox/21.0
41,"Mozilla/5.0 (Macintosh; Intel Mac OS X 10_5_8) AppleWebKit/535.19 (KHTML, like Gecko) Chrome/18.0.1025.151 Safari/535.19"
42,"Mozilla/5.0 (Windows NT 5.1) AppleWebKit/537.36 (KHTML, like Gecko) Chrome/31.0.1650.16 Safari/537.36"
43,"Mozilla/5.0 (iPhone; U; CPU iPhone OS 4_2_1 like Mac OS X; ru-ru) AppleWebKit/533.17.9 (KHTML, like Gecko) Version/5.0.2 Mobile/8C148 Safari/6533.18.5"
44,"Mozilla/5.0 (Macintosh; U; Intel Mac OS X 10_5_6; en-gb) AppleWebKit/528.10+ (KHTML, like Gecko) Version/4.0dp1 Safari/526.11.2"
45,"Mozilla/5.0 (Windows NT 6.0) AppleWebKit/534.24 (KHTML, like Gecko) Chrome/11.0.696.3 Safari/534.24"
46,"Mozilla/5.0 (Windows NT 6.2; WOW64) AppleWebKit/537.11 (KHTML, like Gecko) Chrome/23.0.1271.17 Safari/537.11"
47,"Mozilla/5.0 (iPhone; U; CPU iPhone OS 4_3_1 like Mac OS X; zh-tw) AppleWebKit/533.17.9 (KHTML, like Gecko) Version/5.0.2 Mobile/8G4 Safari/6533.18.5"
48,"Mozilla/5.0 (Windows NT 6.0; WOW64) AppleWebKit/535.7 (KHTML, like Gecko) Chrome/16.0.912.75 Safari/535.7"
49,"Mozilla/5.0 (X11; CrOS i686 3912.101.0) AppleWebKit/537.36 (KHTML, like Gecko) Chrome/27.0.1453.116 Safari/537.36"
50,"Mozilla/5.0 (X11; CrOS i686 13.587.48) AppleWebKit/535.1 (KHTML, like Gecko) Chrome/13.0.782.43 Safari/535.1"
51,Mozilla/5.0 (Windows NT 6.1; Win64; x64; rv:25.0) Gecko/20100101 Firefox/29.0
52,"Mozilla/5.0 (Windows; U; Windows NT 6.1; de-DE) AppleWebKit/534.17 (KHTML, like Gecko) Chrome/10.0.649.0 Safari/534.17"
53,"Mozilla/5.0 (Macintosh; Intel Mac OS X 10_8_0) AppleWebKit/537.36 (KHTML, like Gecko) Chrome/32.0.1664.3 Safari/537.36"
54,"Mozilla/5.0 (Windows; U; Windows NT 6.1; ja-JP) AppleWebKit/533.16 (KHTML, like Gecko) Version/5.0 Safari/533.16"
55,"Mozilla/5.0 (Macintosh; U; Intel Mac OS X 10_5_4; en-us) AppleWebKit/528.4+ (KHTML, like Gecko) Version/4.0dp1 Safari/526.11.2"
56,Mozilla/5.0 (Windows NT 6.2; Win64; x64; rv:21.0.0) Gecko/20121011 Firefox/21.0.0
57,"Mozilla/5.0 (Android 2.2; Windows; U; Windows NT 6.1; en-US) AppleWebKit/533.19.4 (KHTML, like Gecko) Version/5.0.3 Safari/533.19.4"
58,"Mozilla/5.0 (Windows NT 5.1) AppleWebKit/537.36 (KHTML, like Gecko) Chrome/34.0.1866.237 Safari/537.36"
59,"Mozilla/5.0 (Android 2.2; Windows; U; Windows NT 6.1; en-US) AppleWebKit/533.19.4 (KHTML, like Gecko) Version/5.0.3 Safari/533.19.4"
60,"Mozilla/5.0 (iPod; U; CPU iPhone OS 4_3_1 like Mac OS X; zh-cn) AppleWebKit/533.17.9 (KHTML, like Gecko) Version/5.0.2 Mobile/8G4 Safari/6533.18.5"
61,"Mozilla/5.0 (Macintosh; Intel Mac OS X 10_9_3) AppleWebKit/537.36 (KHTML, like Gecko) Chrome/35.0.1916.47 Safari/537.36"
62,"Mozilla/5.0 (Windows; U; Windows NT 6.0; fr-FR) AppleWebKit/533.18.1 (KHTML, like Gecko) Version/5.0.2 Safari/533.18.5"
63,"Mozilla/5.0 (X11; FreeBSD amd64) AppleWebKit/535.11 (KHTML, like Gecko) Chrome/17.0.963.65 Safari/535.11"
64,"Mozilla/5.0 (Macintosh; Intel Mac OS X 10_6_8) AppleWebKit/535.19 (KHTML, like Gecko) Chrome/18.0.1025.11 Safari/535.19"
65,"Mozilla/5.0 (X11; Linux x86_64) AppleWebKit/535.21 (KHTML, like Gecko) Chrome/19.0.1042.0 Safari/535.21"
66,"Mozilla/5.0 (Windows; U; Windows NT 6.1; en-US) AppleWebKit/534.17 (KHTML, like Gecko) Chrome/11.0.655.0 Safari/534.17"
67,"Mozilla/5.0 (Macintosh; Intel Mac OS X 10_7_2) AppleWebKit/535.1 (KHTML, like Gecko) Chrome/14.0.835.186 Safari/535.1"
68,"Mozilla/5.0 (Windows NT 5.1) AppleWebKit/535.6 (KHTML, like Gecko) Chrome/16.0.897.0 Safari/535.6"
69,"Mozilla/5.0 (X11; Linux x86_64) AppleWebKit/535.1 (KHTML, like Gecko) Chrome/13.0.782.220 Safari/535.1"
70,"Mozilla/5.0 (Macintosh; Intel Mac OS X 10_7_3) AppleWebKit/534.55.3 (KHTML, like Gecko) Version/5.1.3 Safari/534.53.10"
71,Mozilla/5.0 (compatible; Googlebot/2.1; +http://www.google.com/bot.html)
72,"Mozilla/5.0 (Windows NT 6.0) AppleWebKit/534.24 (KHTML, like Gecko) Chrome/11.0.696.3 Safari/534.24"
73,"Mozilla/5.0 (Windows NT 6.1; WOW64) AppleWebKit/535.7 (KHTML, like Gecko) Chrome/16.0.912.36 Safari/535.7"
74,"Mozilla/5.0 Slackware/13.37 (X11; U; Linux x86_64; en-US) AppleWebKit/534.16 (KHTML, like Gecko) Chrome/12.0.742.91"
75,"Mozilla/5.0 (X11; OpenBSD i386) AppleWebKit/537.36 (KHTML, like Gecko) Chrome/36.0.1985.125 Safari/537.36"
76,"Mozilla/5.0 (Windows NT 6.1) AppleWebKit/534.30 (KHTML, like Gecko) Chrome/12.0.742.113 Safari/534.30"
77,"Mozilla/5.0 (Windows NT 6.1) AppleWebKit/534.24 (KHTML, like Gecko) Chrome/11.0.696.68 Safari/534.24"
78,"Mozilla/5.0 (Windows NT 6.1; WOW64) AppleWebKit/535.1 (KHTML, like Gecko) Chrome/14.0.813.0 Safari/535.1"
79,"Mozilla/5.0 (Macintosh; U; Intel Mac OS X 10_7_0; en-US) AppleWebKit/534.21 (KHTML, like Gecko) Chrome/11.0.678.0 Safari/534.21"
80,"Mozilla/5.0 (Windows NT 6.1; WOW64) AppleWebKit/535.1 (KHTML, like Gecko) Chrome/13.0.782.24 Safari/535.1"
81,"Mozilla/5.0 (Macintosh; Intel Mac OS X 10_6_8) AppleWebKit/534.24 (KHTML, like Gecko) Chrome/11.0.696.71 Safari/534.24"
82,"Mozilla/5.0 (Windows NT 6.0; WOW64) AppleWebKit/534.24 (KHTML, like Gecko) Chrome/11.0.699.0 Safari/534.24"
83,"Mozilla/5.0 (Windows NT 5.1) AppleWebKit/537.36 (KHTML, like Gecko) Chrome/31.0.1650.16 Safari/537.36"
84,"Mozilla/5.0 (Windows NT 5.1) AppleWebKit/537.11 (KHTML, like Gecko) Chrome/23.0.1271.6 Safari/537.11"
85,"Mozilla/5.0 (Windows NT 6.0) AppleWebKit/535.1 (KHTML, like Gecko) Chrome/13.0.782.1 Safari/535.1"
86,"Mozilla/5.0 (X11; CrOS i686 1193.158.0) AppleWebKit/535.7 (KHTML, like Gecko) Chrome/16.0.912.75 Safari/535.7"
87,"Mozilla/5.0 (Macintosh; U; Intel Mac OS X 10_5_4; en-us) AppleWebKit/528.4+ (KHTML, like Gecko) Version/4.0dp1 Safari/526.11.2"
88,"Mozilla/5.0 (Windows; U; Windows NT 5.1; en-US) AppleWebKit/533.20.25 (KHTML, like Gecko) Version/5.0.3 Safari/533.19.4"
89,"Mozilla/5.0 (Windows NT 6.2; Win64; x64) AppleWebKit/537.36 (KHTML, like Gecko) Chrome/32.0.1667.0 Safari/537.36"
90,"Mozilla/5.0 (Windows NT 6.1; WOW64) AppleWebKit/534.30 (KHTML, like Gecko) Chrome/12.0.742.53 Safari/534.30"
91,"Mozilla/5.0 (X11; Linux i686) AppleWebKit/534.35 (KHTML, like Gecko) Ubuntu/10.10 Chromium/13.0.764.0 Chrome/13.0.764.0 Safari/534.35"
92,"Mozilla/5.0 (Macintosh; Intel Mac OS X 10_8_2) AppleWebKit/537.17 (KHTML, like Gecko) Chrome/24.0.1309.0 Safari/537.17"
93,"Mozilla/5.0 (Windows NT 5.1) AppleWebKit/537.36 (KHTML, like Gecko) Chrome/35.0.2309.372 Safari/537.36"
94,"Mozilla/5.0 (Macintosh; Intel Mac OS X 10_6_4) AppleWebKit/534.30 (KHTML, like Gecko) Chrome/12.0.742.100 Safari/534.30"
95,"Mozilla/5.0 (X11; Linux i686) AppleWebKit/534.30 (KHTML, like Gecko) Ubuntu/11.04 Chromium/12.0.742.112 Chrome/12.0.742.112 Safari/534.30"
96,Mozilla/5.0 (Windows NT 6.1; rv:6.0) Gecko/20100101 Firefox/7.0
97,"Mozilla/5.0 (Windows; U; Windows NT 6.0; nb-NO) AppleWebKit/533.18.1 (KHTML, like Gecko) Version/5.0.2 Safari/533.18.5"
98,"Mozilla/5.0 (X11; Linux i686) AppleWebKit/535.21 (KHTML, like Gecko) Chrome/19.0.1041.0 Safari/535.21"
99,"Mozilla/5.0 (Macintosh; Intel Mac OS X 10_9_2) AppleWebKit/537.36 (KHTML, like Gecko) Chrome/36.0.1944.0 Safari/537.36"
100,Mozilla/5.0 (Windows NT 6.2; rv:22.0) Gecko/20130405 Firefox/22.0
101,"Mozilla/5.0 (Macintosh; Intel Mac OS X 10_6_8) AppleWebKit/535.11 (KHTML, like Gecko) Chrome/17.0.963.66 Safari/535.11"
102,"Mozilla/5.0 (Macintosh; U; Intel Mac OS X 10_6_6; fr-ch) AppleWebKit/533.19.4 (KHTML, like Gecko) Version/5.0.3 Safari/533.19.4"
103,"Mozilla/5.0 (Windows NT 5.1) AppleWebKit/535.2 (KHTML, like Gecko) Chrome/15.0.864.0 Safari/535.2"
104,"Mozilla/5.0 (Macintosh; U; Intel Mac OS X 10_5_6; en-gb) AppleWebKit/528.10+ (KHTML, like Gecko) Version/4.0dp1 Safari/526.11.2"
105,"Mozilla/5.0 (Macintosh; Intel Mac OS X 10_6_4) AppleWebKit/535.11 (KHTML, like Gecko) Chrome/17.0.963.65 Safari/535.11"
106,"Mozilla/5.0 (X11; Linux x86_64) AppleWebKit/535.1 (KHTML, like Gecko) Ubuntu/10.10 Chromium/14.0.808.0 Chrome/14.0.808.0 Safari/535.1"
107,"Mozilla/5.0 (Windows NT 6.0) AppleWebKit/535.1 (KHTML, like Gecko) Chrome/13.0.782.1 Safari/535.1"
108,"Mozilla/5.0 (Macintosh; Intel Mac OS X 10_7_5) AppleWebKit/537.36 (KHTML, like Gecko) Chrome/27.0.1453.93 Safari/537.36"
109,Mozilla/5.0 (Windows NT 6.1; rv:12.0) Gecko/ 20120405 Firefox/14.0.1
110,"Mozilla/5.0 (Windows NT 6.2; Win64; x64) AppleWebKit/537.36 (KHTML, like Gecko) Chrome/32.0.1667.0 Safari/537.36"
111,"Mozilla/5.0 (Windows NT 5.1) AppleWebKit/535.1 (KHTML, like Gecko) Chrome/14.0.810.0 Safari/535.1"
112,"Mozilla/5.0 (Macintosh; U; PPC Mac OS X 10_5_8; ja-jp) AppleWebKit/533.16 (KHTML, like Gecko) Version/5.0 Safari/533.16"
113,"Mozilla/5.0 (X11; Linux i686) AppleWebKit/535.1 (KHTML, like Gecko) Chrome/13.0.782.215 Safari/535.1"
114,"Mozilla/5.0 (Windows NT 5.1) AppleWebKit/537.36 (KHTML, like Gecko) Chrome/36.0.1985.67 Safari/537.36"
115,Mozilla/5.0 (Windows NT 6.2; Win64; x64; rv:16.0.1) Gecko/20121011 Firefox/21.0.1
116,Mozilla/5.0 (Windows NT 5.1; rv:21.0) Gecko/20130401 Firefox/21.0
117,"Mozilla/5.0 (Windows NT 5.1) AppleWebKit/534.25 (KHTML, like Gecko) Chrome/12.0.706.0 Safari/534.25"
118,"Mozilla/5.0 (Macintosh; U; Intel Mac OS X 10_5_8; ja-jp) AppleWebKit/533.16 (KHTML, like Gecko) Version/5.0 Safari/533.16"
119,"Mozilla/5.0 (Windows NT 6.0; WOW64) AppleWebKit/534.24 (KHTML, like Gecko) Chrome/11.0.696.34 Safari/534.24"
120,"Mozilla/5.0 (X11; Linux i686) AppleWebKit/534.30 (KHTML, like Gecko) Ubuntu/10.04 Chromium/12.0.742.112 Chrome/12.0.742.112 Safari/534.30"
121,"Mozilla/5.0 (Macintosh; Intel Mac OS X 10_8_2) AppleWebKit/537.11 (KHTML, like Gecko) Chrome/23.0.1271.6 Safari/537.11"
122,"Mozilla/5.0 (Windows NT 6.2) AppleWebKit/536.3 (KHTML, like Gecko) Chrome/19.0.1061.1 Safari/536.3"
123,"Mozilla/5.0 Slackware/13.37 (X11; U; Linux x86_64; en-US) AppleWebKit/534.16 (KHTML, like Gecko) Chrome/11.0.696.50"
124,"Mozilla/5.0 (Windows NT 6.1) AppleWebKit/534.24 (KHTML, like Gecko) Chrome/11.0.694.0 Safari/534.24"
125,"Mozilla/5.0 (Macintosh; Intel Mac OS X 10_6_6) AppleWebKit/534.24 (KHTML, like Gecko) Chrome/11.0.696.12 Safari/534.24"
126,Mozilla/6.0 (Macintosh; I; Intel Mac OS X 11_7_9; de-LI; rv:1.9b4) Gecko/2012010317 Firefox/10.0a4
127,"Mozilla/5.0 (Macintosh; U; Intel Mac OS X 10_6_6; es-es) AppleWebKit/533.20.25 (KHTML, like Gecko) Version/5.0.4 Safari/533.20.27"
128,"Mozilla/5.0 (Windows NT 6.2; WOW64) AppleWebKit/537.14 (KHTML, like Gecko) Chrome/24.0.1292.0 Safari/537.14"
129,Mozilla/5.0 (Windows NT 6.2; Win64; x64; rv:21.0.0) Gecko/20121011 Firefox/21.0.0
130,"Mozilla/5.0 (Windows NT 6.1; WOW64) AppleWebKit/536.3 (KHTML, like Gecko) Chrome/19.0.1063.0 Safari/536.3"
131,"Mozilla/5.0 (X11; Linux x86_64) AppleWebKit/535.11 (KHTML, like Gecko) Ubuntu/11.10 Chromium/17.0.963.65 Chrome/17.0.963.65 Safari/535.11"
132,"Mozilla/5.0 (Macintosh; Intel Mac OS X 10_6_6) AppleWebKit/534.24 (KHTML, like Gecko) Chrome/11.0.698.0 Safari/534.24"
133,Mozilla/5.0 (X11; Ubuntu; Linux x86_64; rv:24.0) Gecko/20100101 Firefox/24.0
134,"Mozilla/5.0 (Windows NT 7.1) AppleWebKit/534.30 (KHTML, like Gecko) Chrome/12.0.742.112 Safari/534.30"
135,Mozilla/5.0 (X11; U; Linux i686; en-US; rv:1.9.1.16) Gecko/20120421 Gecko Firefox/11.0
136,"Mozilla/5.0 (Windows NT 6.0) AppleWebKit/535.11 (KHTML, like Gecko) Chrome/17.0.963.66 Safari/535.11"
137,"Mozilla/5.0 (Windows; U; Windows NT 6.0; fr-FR) AppleWebKit/533.18.1 (KHTML, like Gecko) Version/5.0.2 Safari/533.18.5"
138,Mozilla/5.0 (Windows NT 6.1; WOW64; rv:15.0) Gecko/20120427 Firefox/15.0a1
139,"Mozilla/5.0 (Windows; U; Windows NT 6.0; nb-NO) AppleWebKit/533.18.1 (KHTML, like Gecko) Version/5.0.2 Safari/533.18.5"
140,"Mozilla/5.0 (Windows; U; Windows NT 6.1; zh-HK) AppleWebKit/533.18.1 (KHTML, like Gecko) Version/5.0.2 Safari/533.18.5"
141,"Mozilla/5.0 (Windows NT 6.4; WOW64) AppleWebKit/537.36 (KHTML, like Gecko) Chrome/41.0.2225.0 Safari/537.36"
142,"Mozilla/5.0 (Windows NT 6.0; WOW64) AppleWebKit/535.1 (KHTML, like Gecko) Chrome/13.0.782.41 Safari/535.1"
143,"Mozilla/5.0 (Windows NT 6.1; WOW64) AppleWebKit/537.36 (KHTML, like Gecko) Chrome/36.0.1985.67 Safari/537.36"
144,"Mozilla/5.0 (Windows; U; Windows NT 5.1; en-US) AppleWebKit/534.30 (KHTML, like Gecko) Chrome/12.0.724.100 Safari/534.30"
145,Mozilla/5.0 (Macintosh; Intel Mac OS X 10.6; rv:9.0) Gecko/20100101 Firefox/9.0
146,"Mozilla/5.0 (X11; Linux x86_64) AppleWebKit/534.30 (KHTML, like Gecko) Ubuntu/10.10 Chromium/12.0.742.112 Chrome/12.0.742.112 Safari/534.30"
147,"Mozilla/5.0 (Macintosh; Intel Mac OS X 10_6_8) AppleWebKit/534.24 (KHTML, like Gecko) Chrome/11.0.696.71 Safari/534.24"
148,"Mozilla/5.0 (Windows; U; Windows NT 6.0; en-US) AppleWebKit/533.20.25 (KHTML, like Gecko) Version/5.0.4 Safari/533.20.27"
149,"Mozilla/5.0 (Macintosh; U; Intel Mac OS X 10_6_3; ko-kr) AppleWebKit/533.16 (KHTML, like Gecko) Version/5.0 Safari/533.16"
150,"Mozilla/5.0 (X11; CrOS i686 1660.57.0) AppleWebKit/535.19 (KHTML, like Gecko) Chrome/18.0.1025.46 Safari/535.19"
151,"Mozilla/5.0 (X11; Linux x86_64) AppleWebKit/535.24 (KHTML, like Gecko) Chrome/19.0.1055.1 Safari/535.24"
152,"Mozilla/5.0 (Windows NT 6.1) AppleWebKit/534.30 (KHTML, like Gecko) Chrome/12.0.742.113 Safari/534.30"
153,"Mozilla/5.0 (Macintosh; U; Intel Mac OS X 10_6_6; de-de) AppleWebKit/533.20.25 (KHTML, like Gecko) Version/5.0.4 Safari/533.20.27"
154,"Mozilla/5.0 (X11; Linux x86_64) AppleWebKit/535.1 (KHTML, like Gecko) Ubuntu/10.10 Chromium/14.0.808.0 Chrome/14.0.808.0 Safari/535.1"
155,"Mozilla/5.0 (X11; CrOS i686 2268.111.0) AppleWebKit/536.11 (KHTML, like Gecko) Chrome/20.0.1132.57 Safari/536.11"
156,"Mozilla/5.0 (Windows NT 6.1) AppleWebKit/535.1 (KHTML, like Gecko) Chrome/13.0.782.215 Safari/535.1"
157,"Mozilla/5.0 (Windows NT 6.1; WOW64) AppleWebKit/537.36 (KHTML, like Gecko) Chrome/36.0.1985.67 Safari/537.36"
158,Mozilla/5.0 (X11; Ubuntu; Linux x86_64; rv:17.0) Gecko/20100101 Firefox/17.0.6
159,Mozilla/5.0 (Macintosh; Intel Mac OS X 10.6; rv:25.0) Gecko/20100101 Firefox/25.0
160,Mozilla/5.0 (Macintosh; Intel Mac OS X 10.8; rv:24.0) Gecko/20100101 Firefox/24.0
161,"Mozilla/5.0 (Windows NT) AppleWebKit/534.20 (KHTML, like Gecko) Chrome/11.0.672.2 Safari/534.20"
162,"Mozilla/5.0 (Windows NT 6.0) AppleWebKit/535.7 (KHTML, like Gecko) Chrome/16.0.912.75 Safari/535.7"
163,"Mozilla/5.0 (Windows NT 6.1; WOW64) AppleWebKit/535.1 (KHTML, like Gecko) Chrome/14.0.813.0 Safari/535.1"
164,"Mozilla/5.0 (Windows NT 6.0) AppleWebKit/535.1 (KHTML, like Gecko) Chrome/13.0.782.20 Safari/535.1"
165,Mozilla/5.0 (X11; Ubuntu; Linux armv7l; rv:17.0) Gecko/20100101 Firefox/17.0
166,"Mozilla/5.0 (X11; Linux x86_64) AppleWebKit/535.11 (KHTML, like Gecko) Ubuntu/11.04 Chromium/17.0.963.56 Chrome/17.0.963.56 Safari/535.11"
167,"Mozilla/5.0 (Windows NT 5.1) AppleWebKit/534.24 (KHTML, like Gecko) Chrome/11.0.696.43 Safari/534.24"
168,"Mozilla/5.0 (X11; Linux x86_64) AppleWebKit/535.11 (KHTML, like Gecko) Ubuntu/11.04 Chromium/17.0.963.56 Chrome/17.0.963.56 Safari/535.11"
169,"Mozilla/5.0 (Windows NT 6.1) AppleWebKit/535.1 (KHTML, like Gecko) Chrome/13.0.782.215 Safari/535.1"
170,"Mozilla/5.0 (Windows NT 6.1; WOW64) AppleWebKit/535.11 (KHTML, like Gecko) Chrome/17.0.963.56 Safari/535.11"
171,"Mozilla/5.0 (X11; Linux i686) AppleWebKit/535.1 (KHTML, like Gecko) Chrome/13.0.782.41 Safari/535.1"
172,"Mozilla/5.0 (Windows NT 6.1; WOW64) AppleWebKit/534.30 (KHTML, like Gecko) Chrome/12.0.742.53 Safari/534.30"
173,"Mozilla/5.0 (Macintosh; Intel Mac OS X 10_7_0) AppleWebKit/534.24 (KHTML, like Gecko) Chrome/11.0.696.0 Safari/534.24"
174,"Mozilla/5.0 (iPod; U; CPU iPhone OS 4_3_3 like Mac OS X; ja-jp) AppleWebKit/533.17.9 (KHTML, like Gecko) Version/5.0.2 Mobile/8J2 Safari/6533.18.5"
175,"Mozilla/5.0 (Windows NT 6.1; WOW64) AppleWebKit/534.24 (KHTML, like Gecko) Chrome/12.0.702.0 Safari/534.24"
176,"Mozilla/5.0 (iPad; CPU OS 5_1 like Mac OS X) AppleWebKit/534.46 (KHTML, like Gecko ) Version/5.1 Mobile/9B176 Safari/7534.48.3"
177,"Mozilla/5.0 (Windows; U; Windows NT 5.1; ru-RU) AppleWebKit/533.19.4 (KHTML, like Gecko) Version/5.0.3 Safari/533.19.4"
178,"Mozilla/5.0 (Macintosh; U; PPC Mac OS X 10_4_11; fr) AppleWebKit/533.16 (KHTML, like Gecko) Version/5.0 Safari/533.16"
179,Mozilla/5.0 (Windows NT 6.1; Win64; x64; rv:16.0.1) Gecko/20121011 Firefox/21.0.1
180,"Mozilla/5.0 (Windows NT 6.0) AppleWebKit/535.1 (KHTML, like Gecko) Chrome/13.0.782.220 Safari/535.1"
181,Mozilla/6.0 (Macintosh; I; Intel Mac OS X 11_7_9; de-LI; rv:1.9b4) Gecko/2012010317 Firefox/10.0a4
182,Mozilla/5.0 (Windows NT 6.3; rv:36.0) Gecko/20100101 Firefox/36.0
183,"Mozilla/5.0 (Macintosh; U; Intel Mac OS X 10_6_3; en-au) AppleWebKit/533.16 (KHTML, like Gecko) Version/5.0 Safari/533.16"
184,"Mozilla/5.0 (Macintosh; Intel Mac OS X 10_5_8) AppleWebKit/535.1 (KHTML, like Gecko) Chrome/14.0.801.0 Safari/535.1"
185,"Mozilla/5.0 (Macintosh; Intel Mac OS X 10_6_7) AppleWebKit/535.1 (KHTML, like Gecko) Chrome/14.0.813.0 Safari/535.1"
186,"Mozilla/5.0 (iPhone; U; CPU iPhone OS 4_3 like Mac OS X; fr-fr) AppleWebKit/533.17.9 (KHTML, like Gecko) Version/5.0.2 Mobile/8F190 Safari/6533.18.5"
187,Mozilla/5.0 (X11; Linux i686; rv:21.0) Gecko/20100101 Firefox/21.0
188,"Mozilla/5.0 (Windows NT 6.1) AppleWebKit/535.1 (KHTML, like Gecko) Chrome/13.0.782.215 Safari/535.1"
189,"Mozilla/5.0 (Macintosh; Intel Mac OS X 10_5_8) AppleWebKit/535.1 (KHTML, like Gecko) Chrome/14.0.803.0 Safari/535.1"
190,"Mozilla/5.0 (iPhone; U; CPU iPhone OS 4_3 like Mac OS X; fr-fr) AppleWebKit/533.17.9 (KHTML, like Gecko) Version/5.0.2 Mobile/8F190 Safari/6533.18.5"
191,"Mozilla/5.0 (Macintosh; Intel Mac OS X 10_7_2) AppleWebKit/535.19 (KHTML, like Gecko) Chrome/18.0.1025.45 Safari/535.19"
192,"Mozilla/5.0 (X11; Linux i686) AppleWebKit/535.11 (KHTML, like Gecko) Chrome/17.0.963.65 Safari/535.11"
193,"Mozilla/5.0 (X11; U; Linux armv7l; en-US) AppleWebKit/534.16 (KHTML, like Gecko) Chrome/10.0.648.204 Safari/534.16"
194,"Mozilla/5.0 (iPhone; U; CPU iPhone OS 4_2_1 like Mac OS X; ru-ru) AppleWebKit/533.17.9 (KHTML, like Gecko) Version/5.0.2 Mobile/8C148 Safari/6533.18.5"
195,"Mozilla/5.0 (X11; Linux i686) AppleWebKit/535.1 (KHTML, like Gecko) Ubuntu/10.04 Chromium/14.0.808.0 Chrome/14.0.808.0 Safari/535.1"
196,Mozilla/5.0 (Windows NT 5.0; rv:21.0) Gecko/20100101 Firefox/21.0
197,"Mozilla/5.0 (Macintosh; Intel Mac OS X 10_6_8) AppleWebKit/534.24 (KHTML, like Gecko) Chrome/11.0.696.71 Safari/534.24"
198,"Mozilla/5.0 (X11; Linux x86_64) AppleWebKit/535.11 (KHTML, like Gecko) Chrome/17.0.963.66 Safari/535.11"
199,"Mozilla/5.0 (Windows NT 6.1; WOW64) AppleWebKit/534.30 (KHTML, like Gecko) Chrome/12.0.742.53 Safari/534.30"
200,"Mozilla/5.0 (Windows NT 5.1) AppleWebKit/537.36 (KHTML, like Gecko) Chrome/34.0.1847.116 Safari/537.36 Mozilla/5.0 (iPad; U; CPU OS 3_2 like Mac OS X; en-us) AppleWebKit/531.21.10 (KHTML, like Gecko) Version/4.0.4 Mobile/7B334b Safari/531.21.10"
